{"num_shards": 87, "model_size": 2.1055578620933053, "download_rate": 13.047370670196315, "training_rate": 142.37103227640517}