{"num_shards": 92, "model_size": 6.155919888180914, "num_iterations": 1, "download_rate": 9.24964598244867, "training_rate": 25.083393697461716, "deadline": 15}