{"num_shards": 102, "model_size": 6.127651286785485, "num_iterations": 1, "download_rate": 11.01132720652782, "training_rate": 22.34130744969209, "deadline": 15}